{
    "loss": 13.393403053283691,
    "accuracy": 0.3956834673881531
}