{
    "loss": 10.739503860473633,
    "accuracy": 0.6043165326118469
}